,accuracy,precision,recall,f1_score,roc_auc,specificity,confusion_matrix
MSFCN,0.73531655225019,0.7656940760389036,0.9558498896247241,0.85027000490918,0.8070640176600441,0.345679012345679,"[[140, 265], [40, 866]]"
UNet,0.7757437070938215,0.7854477611940298,0.9293598233995585,0.8513650151668353,0.8183113945439184,0.43209876543209874,"[[175, 230], [64, 842]]"
DeepLabV3,0.7574370709382151,0.7658227848101266,0.934878587196468,0.841948310139165,0.7919058130978661,0.36049382716049383,"[[146, 259], [59, 847]]"
SegNet,0.7963386727688787,0.8028436018957346,0.934878587196468,0.8638449770525242,0.8542855585534026,0.48641975308641977,"[[197, 208], [59, 847]]"
PSPNet,0.6910755148741419,0.6910755148741419,1.0,0.8173207036535859,0.7764151200501458,0.0,"[[0, 405], [0, 906]]"
